region,column,candidate_rank,price_per_unit_usd,unit,begin_range,end_range,sku,location,region_code,storage_class,volume_type,usagetype,operation,group,group_description,from_location,from_location_type,to_location,to_location_type,transfer_type,description
sa-east-1,S3 Standard storage - first tier US$/GB-month,1,0.0405000000,GB-Mo,0,51200,ZNX83R5ZU4NXKACG,South America (Sao Paulo),sa-east-1,General Purpose,Standard,SAE1-TimedStorage-ByteHrs,,,,,,,,,$0.0405 per GB - first 50 TB / month of storage used
sa-east-1,S3 Standard storage - first tier US$/GB-month,2,0.0221000000,GB-Mo,0,Inf,JX8EJ6EW8U55EW87,South America (Sao Paulo),sa-east-1,Infrequent Access,Standard - Infrequent Access,SAE1-TimedStorage-SIA-ByteHrs,,,,,,,,,$0.0221 per GB-Month of storage used in Standard-Infrequent Access
sa-east-1,"S3 Standard PUT/COPY/POST/LIST requests US$/1,000",1,0.0000070000,Requests,0,Inf,7D3855CHR82MUPGF,South America (Sao Paulo),sa-east-1,,,SAE1-Tables-Requests-INT-Tier1,,S3-API-Tables-INT-Tier1,PUT/COPY/POST requests to Tables INT,,,,,,"$0.007 per 1,000 PUT Requests/COPY/POST Requests to Tables INT"
sa-east-1,"S3 Standard PUT/COPY/POST/LIST requests US$/1,000",2,0.0040000000,GB,0,Inf,NHN47VRKUNVE2EJ8,South America (Sao Paulo),sa-east-1,,,SAE1-Compute-Checksum-Processed-ZIA-Bytes,,,,,,,,,$0.004 per GB fee for bytes processed to compute checksum in One Zone-Infrequent Access
sa-east-1,"S3 Standard PUT/COPY/POST/LIST requests US$/1,000",3,0.0000420000,Requests,0,Inf,NVADUARNV2A68KSS,South America (Sao Paulo),sa-east-1,,,SAE1-Requests-GLACIER-Tier1,PutObject,S3-API-GLACIER-Tier1,PUT requests to Glacier,,,,,,"$0.042 per 1,000 PutObject requests to Glacier"
sa-east-1,"S3 Standard PUT/COPY/POST/LIST requests US$/1,000",4,0.0040000000,GB,0,Inf,VKTJ8FYT6327CBPT,South America (Sao Paulo),sa-east-1,,,SAE1-Compute-Checksum-Processed-Bytes,,,,,,,,,$0.004 per GB fee for bytes processed to compute checksum in Standard
sa-east-1,"S3 Standard PUT/COPY/POST/LIST requests US$/1,000",5,3.5E-9,Objects,0,Inf,TFH389ZVX7RVTGHW,South America (Sao Paulo),sa-east-1,,,SAE1-Inventory-ObjectsListed,,,,,,,,,$0.0035 per 1 million objects listed in S3 Inventory
sa-east-1,"S3 Standard PUT/COPY/POST/LIST requests US$/1,000",6,0.0000200000,Requests,0,Inf,E8537A7T8SA4PKFG,South America (Sao Paulo),sa-east-1,,,SAE1-Requests-GIR-Tier1,,S3-API-GIR-Tier1,PUT/COPY/POST or LIST requests to Glacier Instant Retrieval,,,,,,"$0.02 per 1,000 PUT, COPY, POST or LIST requests to Glacier Instant Retrieval"
sa-east-1,"S3 Standard PUT/COPY/POST/LIST requests US$/1,000",7,0.0000015800,Requests,0,Inf,X468YQRCHB464MU8,South America (Sao Paulo),sa-east-1,,,SAE1-Requests-BACKUP-Tier1,,S3-API-BACKUP-Tier1,PUT/COPY/POST or LIST requests to AWS Backup,,,,,,"$0.00158 per 1,000 PUT Requests/COPY/POST or LIST Requests to AWS Backup"
sa-east-1,"S3 Standard PUT/COPY/POST/LIST requests US$/1,000",8,0.0000070000,Requests,0,Inf,95JW9RTFM7CNGVSP,South America (Sao Paulo),sa-east-1,,,SAE1-Requests-INT-Tier1,,S3-API-INT-Tier1,PUT/COPY/POST or LIST requests to Intelligent-Tiering,,,,,,"$0.007 per 1,000 PUT, COPY, POST, or LIST requests to Intelligent-Tiering"
sa-east-1,"S3 Standard PUT/COPY/POST/LIST requests US$/1,000",9,0.0000100000,Requests,0,Inf,BESNNH8PMHKZAW4W,South America (Sao Paulo),sa-east-1,,,SAE1-Requests-ZIA-Tier1,,S3-API-ZIA-Tier1,PUT/COPY/POST or LIST requests to One Zone-Infrequent Access,,,,,,"$0.01 per 1,000 PUT, COPY, POST or LIST requests to One Zone-Infrequent Access"
sa-east-1,"S3 Standard PUT/COPY/POST/LIST requests US$/1,000",10,0.0000100000,Requests,0,Inf,U4ZTW7WB63598VN6,South America (Sao Paulo),sa-east-1,,,SAE1-Requests-SIA-Tier1,,S3-API-SIA-Tier1,PUT/COPY/POST or LIST requests to Standard-Infrequent Access,,,,,,"$0.01 per 1,000 PUT, COPY, POST or LIST requests to Standard-Infrequent Access"
sa-east-1,"S3 Standard PUT/COPY/POST/LIST requests US$/1,000",11,0.3500000000,GB,0,Inf,PDJ4FFZ2H8B4ACCU,South America (Sao Paulo),sa-east-1,,,SAE1-Vectors-Put-Bytes,PutVectors,,,,,,,,$0.35 per GB fee for bytes put to S3 Vectors
sa-east-1,"S3 Standard PUT/COPY/POST/LIST requests US$/1,000",12,0.0000420000,Requests,0,Inf,BQG33HHTMGHY2PBW,South America (Sao Paulo),sa-east-1,,,SAE1-Requests-GLACIER-Tier1,CopyObject,S3-API-GLACIER-Tier1,COPY requests to Glacier,,,,,,"$0.042 per 1,000 CopyObject requests to Glacier"
sa-east-1,"S3 Standard PUT/COPY/POST/LIST requests US$/1,000",13,0.0040000000,GB,0,Inf,BTKRY2VKDUZE3KZH,South America (Sao Paulo),sa-east-1,,,SAE1-Compute-Checksum-Processed-INT-Bytes,,,,,,,,,$0.004 per GB fee for bytes processed to compute checksum in Intelligent-Tiering
sa-east-1,"S3 Standard PUT/COPY/POST/LIST requests US$/1,000",14,0.0000070000,Requests,0,Inf,EFD42GHQBGKAPBHU,South America (Sao Paulo),sa-east-1,,,SAE1-Requests-Tier1,,S3-API-Tier1,PUT/COPY/POST or LIST requests,,,,,,"$0.007 per 1,000 PUT, COPY, POST, or LIST requests"
sa-east-1,"S3 Standard PUT/COPY/POST/LIST requests US$/1,000",15,0.0000420000,Requests,0,Inf,4UTMSMCE95ZP3GWP,South America (Sao Paulo),sa-east-1,,,SAE1-Requests-GLACIER-Tier1,PutObjectForRepl,S3-API-GLACIER-Tier1,PUT for Replication to Glacier,,,,,,"$0.042 per 1,000 PUT for Replication to Glacier"
sa-east-1,"S3 Standard PUT/COPY/POST/LIST requests US$/1,000",16,0.0040000000,GB,0,Inf,JVNM2UKWNN5WGKC4,South America (Sao Paulo),sa-east-1,,,SAE1-Compute-Checksum-Processed-GIR-Bytes,,,,,,,,,$0.004 per GB fee for bytes processed to compute checksum in Glacier Instant Retrieval
sa-east-1,"S3 Standard PUT/COPY/POST/LIST requests US$/1,000",17,0.0040000000,GB,0,Inf,EKWR72BWN2AT36U6,South America (Sao Paulo),sa-east-1,,,SAE1-Compute-Checksum-Processed-SIA-Bytes,,,,,,,,,$0.004 per GB fee for bytes processed to compute checksum in Standard-Infrequent Access
sa-east-1,"S3 Standard PUT/COPY/POST/LIST requests US$/1,000",18,0.0000300000,Requests,0,Inf,WWXY43FNGPBUZ2YM,South America (Sao Paulo),sa-east-1,,,SAE1-Requests-Tier8,ListAGLocations,S3-API-Tier8,Access Grants Requests-ListAGLocations,,,,,,"$0.03 per 1,000 ListAGLocations requests for S3 Access Grants"
sa-east-1,"S3 Standard PUT/COPY/POST/LIST requests US$/1,000",19,0.0000300000,Requests,0,Inf,K4PRHM4XRNZ9SUPU,South America (Sao Paulo),sa-east-1,,,SAE1-Requests-Tier8,ListAGGrants,S3-API-Tier8,Access Grants Requests-ListAGGrants,,,,,,"$0.03 per 1,000 ListAGGrants requests for S3 Access Grants"
sa-east-1,"S3 Standard PUT/COPY/POST/LIST requests US$/1,000",20,0.0000300000,Requests,0,Inf,UH7DGEMY24V7U2CF,South America (Sao Paulo),sa-east-1,,,SAE1-Requests-Tier8,ListAGCallerGrants,S3-API-Tier8,Access Grants Requests-ListAGCallerGrants,,,,,,"$0.03 per 1,000 ListAGCallerGrants requests for S3 Access Grants"
sa-east-1,"S3 Standard PUT/COPY/POST/LIST requests US$/1,000",21,0.0000420000,Requests,0,Inf,P2UAVUG2VEPA6HHT,South America (Sao Paulo),sa-east-1,,,SAE1-Requests-GLACIER-Tier1,PutObjectReplTime,S3-API-GLACIER-Tier1,PUT for Replication Time Control to Glacier,,,,,,"$0.042 per 1,000 PUT for Replication Time Control to Glacier"
sa-east-1,"S3 Standard PUT/COPY/POST/LIST requests US$/1,000",22,0.0040000000,GB,0,Inf,CQMY4FN4XVGA2S2M,South America (Sao Paulo),sa-east-1,,,SAE1-Compute-Checksum-Processed-GDA-Bytes,,,,,,,,,$0.004 per GB fee for bytes processed to compute checksum in Glacier Deep Archive
sa-east-1,"S3 Standard PUT/COPY/POST/LIST requests US$/1,000",23,0.0000070000,Requests,0,Inf,2EV5T42GM2NMJSAE,South America (Sao Paulo),sa-east-1,,,SAE1-Tables-Requests-Tier1,,S3-API-Tables-Tier1,PUT/COPY/POST or LIST requests to S3 Table Buckets,,,,,,"$0.007 per 1,000 PUT Requests/COPY/POST or LIST Requests to S3 Table Buckets"
sa-east-1,"S3 Standard PUT/COPY/POST/LIST requests US$/1,000",24,0.0000420000,Requests,0,Inf,M92TVBGUUU7J6MGT,South America (Sao Paulo),sa-east-1,,,SAE1-Requests-GLACIER-Tier1,PostObject,S3-API-GLACIER-Tier1,POST requests to Glacier,,,,,,"$0.042 per 1,000 PostObject requests to Glacier"
sa-east-1,"S3 Standard PUT/COPY/POST/LIST requests US$/1,000",25,0.0000300000,Requests,0,Inf,DCC5PAU97MP2VMQR,South America (Sao Paulo),sa-east-1,,,SAE1-Requests-Tier8,ListAGs,S3-API-Tier8,Access Grants Requests-ListAGs,,,,,,"$0.03 per 1,000 ListAGs requests for S3 Access Grants"
sa-east-1,"S3 Standard PUT/COPY/POST/LIST requests US$/1,000",26,0.0000015800,Requests,0,Inf,5KR2JSSGW63NB6XN,South America (Sao Paulo),sa-east-1,,,SAE1-Requests-FSXONTAP-Tier1,,S3-API-FSXONTAP-Tier1,PUT/COPY/POST or LIST requests to FSx for ONTAP,,,,,,"$0.00158 per 1,000 PUT Requests/COPY/POST or LIST Requests to FSx for ONTAP"
sa-east-1,"S3 Standard PUT/COPY/POST/LIST requests US$/1,000",27,0.0040000000,GB,0,Inf,32TV73BDPJ5KM7PK,South America (Sao Paulo),sa-east-1,,,SAE1-Compute-Checksum-Processed-GFR-Bytes,,,,,,,,,$0.004 per GB fee for bytes processed to compute checksum in Glacier Flexible Retrieval
sa-east-1,"S3 Standard PUT/COPY/POST/LIST requests US$/1,000",28,0.0000070000,Requests,0,Inf,3UKJUK2EDMBBM47Y,South America (Sao Paulo),sa-east-1,,,SAE1-Requests-GLACIER-Tier1,CopyPart,S3-API-GLACIER-Tier1,CopyPart to Glacier,,,,,,"$0.007 per 1,000 CopyPart to Glacier"
sa-east-1,"S3 Standard GET/SELECT and other requests US$/1,000",1,0.0100000000,GB,0,Inf,42TEY78MV83G84A5,South America (Sao Paulo),sa-east-1,,,SAE1-Select-Returned-ZIA-Bytes,,S3-API-ZIA-Select-Returned,Data Returned by S3 Select in One Zone-Infrequent Access,,,,,,$0.01 per GB - for bytes returned by S3 Select in One Zone-Infrequent Access
sa-east-1,"S3 Standard GET/SELECT and other requests US$/1,000",2,5.600E-7,Requests,0,Inf,9F6Q5TYW9T2YJP6H,South America (Sao Paulo),sa-east-1,,,SAE1-Requests-GLACIER-Tier2,,S3-API-GLACIER-Tier2,GET and all other requests to GLACIER,,,,,,"$0.0056 per 10,000 GET and all other requests from Glacier"
sa-east-1,"S3 Standard GET/SELECT and other requests US$/1,000",3,0.0040000000,GB,0,Inf,DQDXJPTY7BVP5JRV,South America (Sao Paulo),sa-east-1,,,SAE1-Select-Scanned-Bytes,,S3-API-Select-Scanned,Data Scanned by S3 Select in Standard,,,,,,$0.00400 per GB - for bytes scanned by S3 Select in Standard
sa-east-1,"S3 Standard GET/SELECT and other requests US$/1,000",4,0.0000300000,Requests,0,Inf,BBPYCQ9556SCU95E,South America (Sao Paulo),sa-east-1,,,SAE1-Requests-Tier8,GetAGInstancePolicy,S3-API-Tier8,Access Grants Requests-GetAGInstancePolicy,,,,,,"$0.03 per 1,000 GetAGInstancePolicy requests for S3 Access Grants"
sa-east-1,"S3 Standard GET/SELECT and other requests US$/1,000",5,0.0000100000,Requests,0,Inf,BJ4QE5GWVKAMRA8K,South America (Sao Paulo),sa-east-1,,,SAE1-Requests-GIR-Tier2,,S3-API-GIR-Tier2,GET and all other requests to Glacier Instant Retrieval,,,,,,"$0.1 per 10,000 GET and all other requests to Glacier Instant Retrieval"
sa-east-1,"S3 Standard GET/SELECT and other requests US$/1,000",6,0.0300000000,GB,0,Inf,6R5AKHSQPW5TZHPF,South America (Sao Paulo),sa-east-1,,,SAE1-Select-Returned-GIR-Bytes,,S3-API-GIR-Select-Returned,Data Returned by S3 Select in Glacier Instant Retrieval,,,,,,$0.03 per GB - for bytes returned by S3 Select in Glacier Instant Retrieval
sa-east-1,"S3 Standard GET/SELECT and other requests US$/1,000",7,0.0000300000,Requests,0,Inf,XZZCH9JMR3TUFU52,South America (Sao Paulo),sa-east-1,,,SAE1-Requests-Tier8,GetAGInstanceForPrefix,S3-API-Tier8,Access Grants Requests-GetAGInstanceForPrefix,,,,,,"$0.03 per 1,000 GetAGInstanceForPrefix requests for S3 Access Grants"
sa-east-1,"S3 Standard GET/SELECT and other requests US$/1,000",8,0.0040000000,GB,0,Inf,XWJZTHBWC86BP7T3,South America (Sao Paulo),sa-east-1,,,SAE1-Bulk-Select-Returned-Bytes,,,,,,,,,$0.004 per GB - Bulk Select Data Returned Bytes
sa-east-1,"S3 Standard GET/SELECT and other requests US$/1,000",9,5.600E-7,Requests,0,Inf,BRDE588JVSNAD298,South America (Sao Paulo),sa-east-1,,,SAE1-Requests-Tier2,,S3-API-Tier2,GET and all other requests,,,,,,"$0.0056 per 10,000 GET and all other requests"
sa-east-1,"S3 Standard GET/SELECT and other requests US$/1,000",10,0.0000300000,Requests,0,Inf,NNP9ZDXTY9SV2PDZ,South America (Sao Paulo),sa-east-1,,,SAE1-Requests-Tier8,GetAGGrant,S3-API-Tier8,Access Grants Requests-GetAGGrant,,,,,,"$0.03 per 1,000 GetAGGrant requests for S3 Access Grants"
sa-east-1,"S3 Standard GET/SELECT and other requests US$/1,000",11,0.0140000000,GB,0,Inf,VNSNUFGN3JHNHQH2,South America (Sao Paulo),sa-east-1,,,SAE1-Std-Select-Returned-Bytes,,,,,,,,,$0.014 per GB - Standard Select Data Returned Bytes
sa-east-1,"S3 Standard GET/SELECT and other requests US$/1,000",12,0.0014000000,GB,0,Inf,XG5AZ4CS7ZURWAE6,South America (Sao Paulo),sa-east-1,,,SAE1-Select-Returned-INT-Bytes,,S3-API-INT-Select-Returned,Data Returned by S3 Select in Intelligent-Tiering,,,,,,$0.0014 per GB - for bytes returned by S3 Select in Intelligent - Tiering
sa-east-1,"S3 Standard GET/SELECT and other requests US$/1,000",13,0.0100000000,GB,0,Inf,GDUX8YTMFVVNFVAS,South America (Sao Paulo),sa-east-1,,,SAE1-Select-Returned-SIA-Bytes,,S3-API-SIA-Select-Returned,Data Returned by S3 Select in Standard-Infrequent Access,,,,,,$0.01 per GB - for bytes returned by S3 Select in Standard-Infrequent Access
sa-east-1,"S3 Standard GET/SELECT and other requests US$/1,000",14,0.0000010000,Requests,0,Inf,PWEY58GJNM5ZVREZ,South America (Sao Paulo),sa-east-1,,,SAE1-Requests-SIA-Tier2,,S3-API-SIA-Tier2,GET and all other requests  to Standard-Infrequent Access,,,,,,"$0.01 per 10,000 GET and all other requests  to Standard-Infrequent Access"
sa-east-1,"S3 Standard GET/SELECT and other requests US$/1,000",15,0.0000300000,Requests,0,Inf,KM6D7NWW664432XD,South America (Sao Paulo),sa-east-1,,,SAE1-Requests-Tier8,GetAGDataAccess,S3-API-Tier8,Access Grants Requests-GetAGDataAccess,,,,,,"$0.03 per 1,000 GetAGDataAccess requests for S3 Access Grants"
sa-east-1,"S3 Standard GET/SELECT and other requests US$/1,000",16,0.0040000000,GB,0,Inf,62RUX7BEQYQYM47Z,South America (Sao Paulo),sa-east-1,,,SAE1-Select-Scanned-SIA-Bytes,,S3-API-SIA-Select-Scanned,Data Scanned by S3 Select in Standard-Infrequent Access,,,,,,$0.00400 per GB - for bytes scanned by S3 Select in Standard-Infrequent Access
sa-east-1,"S3 Standard GET/SELECT and other requests US$/1,000",17,0.0000010000,Requests,0,Inf,3ZNZNTMAD2ETHZDH,South America (Sao Paulo),sa-east-1,,,SAE1-Requests-ZIA-Tier2,,S3-API-ZIA-Tier2,GET and all other requests to One Zone-Infrequent Access,,,,,,"$0.01 per 10,000 GET and all other requests  to One Zone-Infrequent Access"
sa-east-1,"S3 Standard GET/SELECT and other requests US$/1,000",18,0.0280000000,GB,0,Inf,BE84HBP5F2XGU8CH,South America (Sao Paulo),sa-east-1,,,SAE1-Exp-Select-Scanned-Bytes,,,,,,,,,$0.028 per GB - Expedited Select Data Scanned Bytes
sa-east-1,"S3 Standard GET/SELECT and other requests US$/1,000",19,0.0040000000,GB,0,Inf,UJXJCP3BW67J8MYX,South America (Sao Paulo),sa-east-1,,,SAE1-Select-Scanned-INT-Bytes,,S3-API-INT-Select-Scanned,Data Scanned by S3 Select in Intelligent-Tiering,,,,,,$0.00400 per GB - for bytes scanned by S3 Select in Intelligent - Tiering
sa-east-1,"S3 Standard GET/SELECT and other requests US$/1,000",20,0.0420000000,GB,0,Inf,T4EF6CGRKFHMCNMU,South America (Sao Paulo),sa-east-1,,,SAE1-Exp-Select-Returned-Bytes,,,,,,,,,$0.042 per GB - Expedited Select Data Returned Bytes
sa-east-1,"S3 Standard GET/SELECT and other requests US$/1,000",21,0.0000300000,Requests,0,Inf,QW3BFPBD7MB583EJ,South America (Sao Paulo),sa-east-1,,,SAE1-Requests-Tier8,GetAGLocation,S3-API-Tier8,Access Grants Requests-GetAGLocation,,,,,,"$0.03 per 1,000 GetAGLocation requests for S3 Access Grants"
sa-east-1,"S3 Standard GET/SELECT and other requests US$/1,000",22,0.0014000000,GB,0,Inf,ZA2TVPRR652QZY54,South America (Sao Paulo),sa-east-1,,,SAE1-Bulk-Select-Scanned-Bytes,,,,,,,,,$0.0014 per GB - Bulk Select Data Scanned Bytes
sa-east-1,"S3 Standard GET/SELECT and other requests US$/1,000",23,0.0014000000,GB,0,Inf,HWWTP38MHZAMG57K,South America (Sao Paulo),sa-east-1,,,SAE1-Select-Returned-Bytes,,S3-API-Select-Returned,Data Returned by S3 Select in Standard,,,,,,$0.0014 per GB - for bytes returned by S3 Select in Standard
sa-east-1,"S3 Standard GET/SELECT and other requests US$/1,000",24,5.600E-7,Requests,0,Inf,JGPHGZ4YSHDDDUEN,South America (Sao Paulo),sa-east-1,,,SAE1-Tables-Requests-Tier2,,S3-API-Tables-Tier2,GET and all other requests to S3 Table Buckets,,,,,,"$0.00056 per 1,000 GET and All Other Requests to S3 Table Buckets"
sa-east-1,"S3 Standard GET/SELECT and other requests US$/1,000",25,5.600E-7,Requests,0,Inf,KN5M2KFZ66C3GWV3,South America (Sao Paulo),sa-east-1,,,SAE1-Requests-INT-Tier2,,S3-API-INT-Tier2,GET and all other requests to Intelligent-Tiering,,,,,,"$0.0056 per 10,000 GET and all other requests to Intelligent-Tiering"
sa-east-1,"S3 Standard GET/SELECT and other requests US$/1,000",26,5.600E-7,Requests,0,Inf,2NA2SPVQ2DZWUK6F,South America (Sao Paulo),sa-east-1,,,SAE1-Requests-GDA-Tier2,,S3-API-GDA-Tier2,GET and all other requests to GDA,,,,,,"$0.0056 per 10,000 GET and all other requests from Glacier"
sa-east-1,"S3 Standard GET/SELECT and other requests US$/1,000",27,0.0040000000,GB,0,Inf,SGXCD82BV44XAR25,South America (Sao Paulo),sa-east-1,,,SAE1-Select-Scanned-ZIA-Bytes,,S3-API-ZIA-Select-Scanned,Data Scanned by S3 Select in One Zone-Infrequent Access,,,,,,$0.00400 per GB - for bytes scanned by S3 Select in One Zone-Infrequent Access
sa-east-1,"S3 Standard GET/SELECT and other requests US$/1,000",28,0.0000300000,Requests,0,Inf,SP74HD4ZBAT8W23Q,South America (Sao Paulo),sa-east-1,,,SAE1-Requests-Tier8,GetAG,S3-API-Tier8,Access Grants Requests-GetAG,,,,,,"$0.03 per 1,000 GetAG requests for S3 Access Grants"
sa-east-1,"S3 Standard GET/SELECT and other requests US$/1,000",29,4.20E-8,Requests,0,Inf,5VYA8DK88AR6VMFQ,South America (Sao Paulo),sa-east-1,,,SAE1-Requests-FSXONTAP-Tier2,,S3-API-FSXONTAP-Tier1,GET and all other requests to FSx for ONTAP,,,,,,"$0.000042 per 1,000 GET and All Other Requests to FSx for ONTAP"
sa-east-1,"S3 Standard GET/SELECT and other requests US$/1,000",30,0.0112000000,GB,0,Inf,3M7PM4SGCZPC96JB,South America (Sao Paulo),sa-east-1,,,SAE1-Std-Select-Scanned-Bytes,,,,,,,,,$0.0112 per GB - Standard Select Data Scanned Bytes
sa-east-1,"S3 Standard GET/SELECT and other requests US$/1,000",31,0.0040000000,GB,0,Inf,8HXN3DVTFQBMQMJE,South America (Sao Paulo),sa-east-1,,,SAE1-Select-Scanned-GIR-Bytes,,S3-API-GIR-Select-Scanned,Data Scanned by S3 Select in Glacier Instant Retrieval,,,,,,$0.004 per GB - for bytes scanned by S3 Select in Glacier Instant Retrieval
sa-east-1,"S3 Standard GET/SELECT and other requests US$/1,000",32,4.20E-8,Requests,0,Inf,XES3BMMDAP6JE4JZ,South America (Sao Paulo),sa-east-1,,,SAE1-Requests-BACKUP-Tier2,,S3-API-BACKUP-Tier2,GET and all other requests to AWS Backup,,,,,,"$0.000042 per 1,000 GET and All Other Requests to AWS Backup"
sa-east-1,"S3 Standard GET/SELECT and other requests US$/1,000",33,5.600E-7,Requests,0,Inf,PWMB5VW4RNZP4N6V,South America (Sao Paulo),sa-east-1,,,SAE1-Tables-Requests-INT-Tier2,,S3-API-Tables-INT-Tier2,GET and all other requests to Tables INT,,,,,,"$0.00056 per 1,000 GET and All Other Requests to Tables INT"
sa-east-1,S3 Glacier Deep Archive Bulk data retrieval US$/GB,1,0.0080000000,GB,0,Inf,ZNKV32W48WWCENCC,South America (Sao Paulo),sa-east-1,,,SAE1-Bulk-Retrieval-Bytes,DeepArchiveRestoreObject,,,,,,,,$0.008 per GB Bulk retrieval fee from Glacier Deep Archive in South America (Sao Paulo)
sa-east-1,S3 Glacier Deep Archive Standard data retrieval US$/GB,1,0.0280000000,GB,0,Inf,6M2729FTWVJSJ2R4,South America (Sao Paulo),sa-east-1,,,SAE1-Standard-Retrieval-Bytes,DeepArchiveRestoreObject,,,,,,,,$0.028 per GB Standard retrieval fee from Glacier Deep Archive in South America (Sao Paulo)
sa-east-1,"S3 Glacier Deep Archive Bulk restore requests US$/1,000",1,0.0080000000,GB,0,Inf,ZNKV32W48WWCENCC,South America (Sao Paulo),sa-east-1,,,SAE1-Bulk-Retrieval-Bytes,DeepArchiveRestoreObject,,,,,,,,$0.008 per GB Bulk retrieval fee from Glacier Deep Archive in South America (Sao Paulo)
sa-east-1,"S3 Glacier Deep Archive Standard restore requests US$/1,000",1,0.0280000000,GB,0,Inf,6M2729FTWVJSJ2R4,South America (Sao Paulo),sa-east-1,,,SAE1-Standard-Retrieval-Bytes,DeepArchiveRestoreObject,,,,,,,,$0.028 per GB Standard retrieval fee from Glacier Deep Archive in South America (Sao Paulo)
sa-east-1,Data Transfer OUT to Internet - first tier US$/GB,1,0E-10,GB,0,100,PB257JUQ8U6E6UPM,,,,,Global-DataTransfer-Out-Bytes,,,,Global,AWS Region,External,Other,AWS Outbound,"$0 for 100GB of data transfer out to the internet, aggregated globally, each month"
sa-east-1,Data Transfer OUT to Internet - first tier US$/GB,2,0.0800000000,GB,0,Inf,VC5RYZ28QCUQEZBP,,,,,SAE1-DataTransfer-In-ABytes-T2,,,,External,Other,South America (Sao Paulo),AWS Region,"Accelerated AWS Inbound using edge locations outside US, Europe or Japan","$0.080 per GB - Amazon S3 accelerated data transfer in (from outside US, Europe or Japan)"
sa-east-1,Data Transfer OUT to Internet - first tier US$/GB,3,0.0400000000,GB,0,Inf,PVXGSCMDWDDHE5UZ,,,,,SAE1-DataTransfer-Out-ABytes-T2,,,,South America (Sao Paulo),AWS Region,External,Other,"Accelerated AWS Outbound using edge locations outside US, Europe or Japan","$0.040 per GB - Amazon S3 accelerated data transfer out (to outside US, Europe or Japan)"
sa-east-1,Data Transfer OUT to Internet - first tier US$/GB,4,0.0400000000,GB,0,Inf,UPEBVGTX6ZSQXA3Z,,,,,SAE1-DataTransfer-Out-ABytes-T1,,,,South America (Sao Paulo),AWS Region,External,Other,"Accelerated AWS Outbound using edge locations within US, Europe or Japan","$0.040 per GB - Amazon S3 accelerated data transfer out (to within US, Europe or Japan)"
sa-east-1,Data Transfer OUT to Internet - first tier US$/GB,5,0E-10,GB,0,Inf,D24QPJEJG7YQSB9M,,,,,SAE1-DataTransfer-In-ABytes,,,,External,Other,South America (Sao Paulo),AWS Region,Accelerated AWS Inbound (free),$0.000 per GB - Amazon S3 accelerated data transfer in
sa-east-1,Data Transfer OUT to Internet - first tier US$/GB,6,0.0400000000,GB,0,Inf,S7ZXAAU7WV7MMMH8,,,,,SAE1-DataTransfer-Out-ABytes,,,,South America (Sao Paulo),AWS Region,External,Other,Accelerated AWS Outbound from close by location,$0.040 per GB - Amazon S3 accelerated data transfer out
sa-east-1,Data Transfer OUT to Internet - first tier US$/GB,7,0E-10,GB,0,Inf,YH2G5M9GK2MJ5M7C,,,,,SAE1-DataTransfer-In-Bytes,,,,External,Other,South America (Sao Paulo),AWS Region,AWS Inbound,$0.000 per GB - data transfer in per month
sa-east-1,Data Transfer OUT to Internet - first tier US$/GB,8,0.1500000000,GB,0,10240,QKTPK3975YUWDU3Q,,,,,SAE1-DataTransfer-Out-Bytes,,,,South America (Sao Paulo),AWS Region,External,Other,AWS Outbound,$0.150 per GB - up to 10 TB / month data transfer out
sa-east-1,Data Transfer OUT to Internet - first tier US$/GB,9,0E-10,GB,0,Inf,AAR58FRHKUVYH9K4,,,,,SAE1-AWS-In-Bytes,,,,External,AWS Region,South America (Sao Paulo),AWS Region,Inter Region Peering Data Transfer Inbound,$0.00 per GB - Data transfer to South America (Sao Paulo)
sa-east-1,Data Transfer OUT to Internet - first tier US$/GB,10,0.0400000000,GB,0,Inf,TMD9SYFWWS5S48Z9,,,,,SAE1-DataTransfer-In-ABytes-T1,,,,External,Other,South America (Sao Paulo),AWS Region,"Accelerated AWS Inbound using edge locations within US, Europe or Japan","$0.040 per GB - Amazon S3 accelerated data transfer in (from within US, Europe or Japan)"
sa-east-1,Data Transfer OUT to Internet - first tier US$/GB,11,0.1380000000,GB,0,Inf,5HCBJW6DMVDMJR2X,,,,,SAE1-AWS-Out-Bytes,,,,South America (Sao Paulo),AWS Region,External,Other,Inter Region Peering Data Transfer Outbound,$0.138 per GB - Data transfer from South America (Sao Paulo)
us-east-1,S3 Standard storage - first tier US$/GB-month,1,0.0125000000,GB-Mo,0,Inf,379GYJUQ5WFBUYGM,US East (N. Virginia),us-east-1,Infrequent Access,Standard - Infrequent Access,TimedStorage-SIA-ByteHrs,,,,,,,,,$0.0125 per GB-Month of storage used in Standard-Infrequent Access
us-east-1,S3 Standard storage - first tier US$/GB-month,2,0.0230000000,GB-Mo,0,51200,WP9ANXZGBYYSGJEA,US East (N. Virginia),us-east-1,General Purpose,Standard,TimedStorage-ByteHrs,,,,,,,,,$0.023 per GB - first 50 TB / month of storage used
us-east-1,"S3 Standard PUT/COPY/POST/LIST requests US$/1,000",1,0.0040000000,GB,0,Inf,SG7CKZDA3VUU22WX,US East (N. Virginia),us-east-1,,,Compute-Checksum-Processed-ZIA-Bytes,,,,,,,,,$0.004 per gb fee for bytes processed to compute checksum in One Zone-Infrequent Access
us-east-1,"S3 Standard PUT/COPY/POST/LIST requests US$/1,000",2,0.0040000000,GB,0,Inf,VGZGPGF6X4G3GXHW,US East (N. Virginia),us-east-1,,,Compute-Checksum-Processed-GIR-Bytes,,,,,,,,,$0.004 per gb fee for bytes processed to compute checksum in Glacier Instant Retrieval
us-east-1,"S3 Standard PUT/COPY/POST/LIST requests US$/1,000",3,0.0000050000,Requests,0,Inf,CH95C5M2W4QQF3RY,US East (N. Virginia),us-east-1,,,Requests-INT-Tier1,,S3-API-INT-Tier1,PUT/COPY/POST or LIST requests to Intelligent-Tiering,,,,,,"$0.005 per 1,000 PUT, COPY, POST, or LIST requests to Intelligent-Tiering"
us-east-1,"S3 Standard PUT/COPY/POST/LIST requests US$/1,000",4,0.0000200000,Requests,0,Inf,YAXYB5WAVB7U5BRN,US East (N. Virginia),us-east-1,,,Requests-GIR-Tier1,,S3-API-GIR-Tier1,PUT/COPY/POST or LIST requests to Glacier Instant Retrieval,,,,,,"$0.02 per 1,000 PUT, COPY, POST or LIST requests to Glacier Instant Retrieval"
us-east-1,"S3 Standard PUT/COPY/POST/LIST requests US$/1,000",5,0.0040000000,GB,0,Inf,4ANXQBPE6PB96A8K,US East (N. Virginia),us-east-1,,,Compute-Checksum-Processed-Bytes,,,,,,,,,$0.004 per gb fee for bytes processed to compute checksum in Standard
us-east-1,"S3 Standard PUT/COPY/POST/LIST requests US$/1,000",6,0.2000000000,GB,0,Inf,QU7TVAHJTQAVXC4B,US East (N. Virginia),us-east-1,,,Vectors-Put-Bytes,PutVectors,,,,,,,,$0.20 per GB fee for bytes put to S3 Vectors
us-east-1,"S3 Standard PUT/COPY/POST/LIST requests US$/1,000",7,0.0000300000,Requests,0,Inf,TZVFDUAX7AYM487X,US East (N. Virginia),us-east-1,,,Requests-GLACIER-Tier1,CopyObject,S3-API-GLACIER-Tier1,COPY requests to Glacier,,,,,,"$0.03 per 1,000 CopyObject requests to Glacier"
us-east-1,"S3 Standard PUT/COPY/POST/LIST requests US$/1,000",8,0.0000100000,Requests,0,Inf,FNYHUPR3T466JJYM,US East (N. Virginia),us-east-1,,,Requests-SIA-Tier1,,S3-API-SIA-Tier1,PUT/COPY/POST or LIST requests to Standard-Infrequent Access,,,,,,"$0.01 per 1,000 PUT, COPY, POST or LIST requests to Standard-Infrequent Access"
us-east-1,"S3 Standard PUT/COPY/POST/LIST requests US$/1,000",9,0.0000300000,Requests,0,Inf,6YWASJWACFZ3TNC4,US East (N. Virginia),us-east-1,,,Requests-GLACIER-Tier1,PostObject,S3-API-GLACIER-Tier1,POST requests to Glacier,,,,,,"$0.03 per 1,000 PostObject requests to Glacier"
us-east-1,"S3 Standard PUT/COPY/POST/LIST requests US$/1,000",10,0.0040000000,GB,0,Inf,KZTVEKNW7K8J8U69,US East (N. Virginia),us-east-1,,,Compute-Checksum-Processed-INT-Bytes,,,,,,,,,$0.004 per gb fee for bytes processed to compute checksum in Intelligent-Tiering
us-east-1,"S3 Standard PUT/COPY/POST/LIST requests US$/1,000",11,0.0000050000,Requests,0,Inf,BVKC7GC35NE8G4BA,US East (N. Virginia),us-east-1,,,Tables-Requests-Tier1,,S3-API-Tables-Tier1,PUT/COPY/POST or LIST requests to S3 Table Buckets,,,,,,"$0.005 per 1,000 PUT Requests/COPY/POST or LIST Requests to S3 Table Buckets in US East (N. Virginia)"
us-east-1,"S3 Standard PUT/COPY/POST/LIST requests US$/1,000",12,0.0000011300,Requests,0,Inf,R2ESWS52BURSZPS2,US East (N. Virginia),us-east-1,,,Requests-FSXOPENZFS-Tier1,,S3-API-FSXOPENZFS-Tier1,PUT/COPY/POST or LIST requests to FSx for OpenZFS,,,,,,"$0.00113 per 1,000 PUT Requests/COPY/POST or LIST Requests to FSx for OpenZFS"
us-east-1,"S3 Standard PUT/COPY/POST/LIST requests US$/1,000",13,0.0000011300,Requests,0,Inf,99AHEP6YCFFKSZA3,US East (N. Virginia),us-east-1,,,Requests-XZ-Tier1,,S3-API-XZ-Tier1,PUT/COPY/POST or LIST requests to Express One Zone,,,,,,"$0.00113 per 1,000 PUT Requests/COPY/POST or LIST Requests to Express One Zone"
us-east-1,"S3 Standard PUT/COPY/POST/LIST requests US$/1,000",14,0.0000050000,Requests,0,Inf,E9YHNFENF4XQBZR6,US East (N. Virginia),us-east-1,,,Requests-Tier1,,S3-API-Tier1,PUT/COPY/POST or LIST requests,,,,,,"$0.005 per 1,000 PUT, COPY, POST, or LIST requests"
us-east-1,"S3 Standard PUT/COPY/POST/LIST requests US$/1,000",15,0.0000050000,Requests,0,Inf,YG43FUCPS32W23V5,US East (N. Virginia),us-east-1,,,Tables-Requests-INT-Tier1,,S3-API-Tables-INT-Tier1,PUT/COPY/POST requests to Tables INT,,,,,,"$0.005 per 1,000 PUT Requests/COPY/POST Requests to Tables INT"
us-east-1,"S3 Standard PUT/COPY/POST/LIST requests US$/1,000",16,0.0000300000,Requests,0,Inf,Y2RN3FH9KNJSTZS9,US East (N. Virginia),us-east-1,,,Requests-Tier8,ListAGGrants,S3-API-Tier8,Access Grants Requests-ListAGGrants,,,,,,"$0.03 per 1,000 ListAGGrants requests for S3 Access Grants"
us-east-1,"S3 Standard PUT/COPY/POST/LIST requests US$/1,000",17,2.5E-9,Objects,0,Inf,GV4UH3C2SAN3EC98,US East (N. Virginia),us-east-1,,,Inventory-ObjectsListed,,,,,,,,,$0.0025 per 1 million objects listed in S3 Inventory
us-east-1,"S3 Standard PUT/COPY/POST/LIST requests US$/1,000",18,0.0000300000,Requests,0,Inf,8TZ8TFQACJ5EUFJE,US East (N. Virginia),us-east-1,,,Requests-Tier8,ListAGLocations,S3-API-Tier8,Access Grants Requests-ListAGLocations,,,,,,"$0.03 per 1,000 ListAGLocations requests for S3 Access Grants"
us-east-1,"S3 Standard PUT/COPY/POST/LIST requests US$/1,000",19,0.0040000000,GB,0,Inf,FW4A2J73KMCKJJWE,US East (N. Virginia),us-east-1,,,Compute-Checksum-Processed-GFR-Bytes,,,,,,,,,$0.004 per gb fee for bytes processed to compute checksum in Glacier Flexible Retrieval
us-east-1,"S3 Standard PUT/COPY/POST/LIST requests US$/1,000",20,0.0040000000,GB,0,Inf,RT3BQFDCNZ4CB5AH,US East (N. Virginia),us-east-1,,,Compute-Checksum-Processed-GDA-Bytes,,,,,,,,,$0.004 per GB fee for bytes processed to compute checksum in Glacier Deep Archive
us-east-1,"S3 Standard PUT/COPY/POST/LIST requests US$/1,000",21,0.0000300000,Requests,0,Inf,3VW49V4DAKVD9H8G,US East (N. Virginia),us-east-1,,,Requests-Tier8,ListAGs,S3-API-Tier8,Access Grants Requests-ListAGs,,,,,,"$0.03 per 1,000 ListAGs requests for S3 Access Grants"
us-east-1,"S3 Standard PUT/COPY/POST/LIST requests US$/1,000",22,0.0000300000,Requests,0,Inf,3KC8KNNKT7EMY3Z9,US East (N. Virginia),us-east-1,,,Requests-Tier8,ListAGCallerGrants,S3-API-Tier8,Access Grants Requests-ListAGCallerGrants,,,,,,"$0.03 per 1,000 ListAGCallerGrants requests for S3 Access Grants"
us-east-1,"S3 Standard PUT/COPY/POST/LIST requests US$/1,000",23,0.0000011300,Requests,0,Inf,SYFBJMU6A4JY4FJH,US East (N. Virginia),us-east-1,,,Requests-BACKUP-Tier1,,S3-API-BACKUP-Tier1,PUT/COPY/POST or LIST requests to AWS Backup,,,,,,"$0.00113 per 1,000 PUT Requests/COPY/POST or LIST Requests to AWS Backup"
us-east-1,"S3 Standard PUT/COPY/POST/LIST requests US$/1,000",24,0.0000300000,Requests,0,Inf,ETMMA5922DBD756V,US East (N. Virginia),us-east-1,,,Requests-GLACIER-Tier1,PutObject,S3-API-GLACIER-Tier1,PUT requests to Glacier,,,,,,"$0.03 per 1,000 PutObject requests to Glacier"
us-east-1,"S3 Standard PUT/COPY/POST/LIST requests US$/1,000",25,0.0000050000,Requests,0,Inf,73EX4CDK9GT9M2PR,US East (N. Virginia),us-east-1,,,Requests-GLACIER-Tier1,CopyPart,S3-API-GLACIER-Tier1,CopyPart to Glacier,,,,,,"$0.005 per 1,000 CopyPart to Glacier"
us-east-1,"S3 Standard PUT/COPY/POST/LIST requests US$/1,000",26,0.0000100000,Requests,0,Inf,B7AD99B3N6FTT9TR,US East (N. Virginia),us-east-1,,,Requests-ZIA-Tier1,,S3-API-ZIA-Tier1,PUT/COPY/POST or LIST requests to One Zone-Infrequent Access,,,,,,"$0.01 per 1,000 PUT, COPY, POST or LIST requests to One Zone-Infrequent Access"
us-east-1,"S3 Standard PUT/COPY/POST/LIST requests US$/1,000",27,0.0000011300,Requests,0,Inf,HYBEP2Q9DAH4UTJS,US East (N. Virginia),us-east-1,,,Requests-FSXONTAP-Tier1,,S3-API-FSXONTAP-Tier1,PUT/COPY/POST or LIST requests to FSx for ONTAP,,,,,,"$0.00113 per 1,000 PUT Requests/COPY/POST or LIST Requests to FSx for ONTAP"
us-east-1,"S3 Standard PUT/COPY/POST/LIST requests US$/1,000",28,0.0000300000,Requests,0,Inf,Z9FMHKA45WFKDM2T,US East (N. Virginia),us-east-1,,,Requests-GLACIER-Tier1,PutObjectForRepl,S3-API-GLACIER-Tier1,PUT for Replication to Glacier,,,,,,"$0.03 per 1,000 PUT for Replication to Glacier"
us-east-1,"S3 Standard PUT/COPY/POST/LIST requests US$/1,000",29,0.0040000000,GB,0,Inf,YCYZJUGP5G3MN4CG,US East (N. Virginia),us-east-1,,,Compute-Checksum-Processed-SIA-Bytes,,,,,,,,,$0.004 per gb fee for bytes processed to compute checksum in Standard-Infrequent Access
us-east-1,"S3 Standard PUT/COPY/POST/LIST requests US$/1,000",30,0.0000300000,Requests,0,Inf,XZB6J2Q8H4NK3YRN,US East (N. Virginia),us-east-1,,,Requests-GLACIER-Tier1,PutObjectReplTime,S3-API-GLACIER-Tier1,PUT for Replication Time Control to Glacier,,,,,,"$0.03 per 1,000 PUT for Replication Time Control to Glacier"
us-east-1,"S3 Standard GET/SELECT and other requests US$/1,000",1,0.0300000000,GB,0,Inf,26TUJV6FNGAN44UY,US East (N. Virginia),us-east-1,,,Select-Returned-GIR-Bytes,,S3-API-GIR-Select-Returned,Data Returned by S3 Select in Glacier Instant Retrieval,,,,,,$0.03 per GB - for bytes returned by S3 Select in Glacier Instant Retrieval
us-east-1,"S3 Standard GET/SELECT and other requests US$/1,000",2,4.000E-7,Requests,0,Inf,AUXZJX5BGC5ZKGGU,US East (N. Virginia),us-east-1,,,Requests-INT-Tier2,,S3-API-INT-Tier2,GET and all other requests to Intelligent-Tiering,,,,,,"$0.004 per 10,000 GET and all other requests to Intelligent-Tiering"
us-east-1,"S3 Standard GET/SELECT and other requests US$/1,000",3,0.0000010000,Requests,0,Inf,GWU4HUHFNSRYMYNK,US East (N. Virginia),us-east-1,,,Requests-SIA-Tier2,,S3-API-SIA-Tier2,GET and all other requests  to Standard-Infrequent Access,,,,,,"$0.01 per 10,000 GET and all other requests  to Standard-Infrequent Access"
us-east-1,"S3 Standard GET/SELECT and other requests US$/1,000",4,3.00E-8,Requests,0,Inf,AZKVHVH3J9RBZEVM,US East (N. Virginia),us-east-1,,,Requests-XZ-Tier2,,S3-API-XZ-Tier2,GET and all other requests to Express One Zone,,,,,,"$0.00003 per 1,000 GET and All Other Requests to Express One Zone"
us-east-1,"S3 Standard GET/SELECT and other requests US$/1,000",5,4.000E-7,Requests,0,Inf,MCSM8FJDHGJSZXJQ,US East (N. Virginia),us-east-1,,,Requests-GLACIER-Tier2,,S3-API-GLACIER-Tier2,GET and all other requests to GLACIER,,,,,,"$0.004 per 10,000 GET and all other requests from Glacier"
us-east-1,"S3 Standard GET/SELECT and other requests US$/1,000",6,0.0000300000,Requests,0,Inf,YVEXJ74S5K3M7S2D,US East (N. Virginia),us-east-1,,,Requests-Tier8,GetAGGrant,S3-API-Tier8,Access Grants Requests-GetAGGrant,,,,,,"$0.03 per 1,000 GetAGGrant requests for S3 Access Grants"
us-east-1,"S3 Standard GET/SELECT and other requests US$/1,000",7,3.00E-8,Requests,0,Inf,Q392MCS2YGN84FQB,US East (N. Virginia),us-east-1,,,Requests-BACKUP-Tier2,,S3-API-BACKUP-Tier2,GET and all other requests to AWS Backup,,,,,,"$0.00003 per 1,000 GET and All Other Requests to AWS Backup"
us-east-1,"S3 Standard GET/SELECT and other requests US$/1,000",8,0.0100000000,GB,0,Inf,M3XNRQ3U4Y2BFKPK,US East (N. Virginia),us-east-1,,,Select-Returned-SIA-Bytes,,S3-API-SIA-Select-Returned,Data Returned by S3 Select in Standard-Infrequent Access,,,,,,$0.01 per GB - for bytes returned by S3 Select in Standard-Infrequent Access
us-east-1,"S3 Standard GET/SELECT and other requests US$/1,000",9,0.0000300000,Requests,0,Inf,32K24TRSQQ7MN9SW,US East (N. Virginia),us-east-1,,,Requests-Tier8,GetAGLocation,S3-API-Tier8,Access Grants Requests-GetAGLocation,,,,,,"$0.03 per 1,000 GetAGLocation requests for S3 Access Grants"
us-east-1,"S3 Standard GET/SELECT and other requests US$/1,000",10,4.000E-7,Requests,0,Inf,ZWQ6Q48CRJXX4FXE,US East (N. Virginia),us-east-1,,,Requests-Tier2,,S3-API-Tier2,GET and all other requests,,,,,,"$0.004 per 10,000 GET and all other requests"
us-east-1,"S3 Standard GET/SELECT and other requests US$/1,000",11,0.0000100000,Requests,0,Inf,6WKRC2AMC45PNCVZ,US East (N. Virginia),us-east-1,,,Requests-GIR-Tier2,,S3-API-GIR-Tier2,GET and all other requests to Glacier Instant Retrieval,,,,,,"$0.1 per 10,000 GET and all other requests to Glacier Instant Retrieval"
us-east-1,"S3 Standard GET/SELECT and other requests US$/1,000",12,0.0007000000,GB,0,Inf,6ZRHK2ZNCNPKY7VP,US East (N. Virginia),us-east-1,,,Select-Returned-Bytes,,S3-API-Select-Returned,Data Returned by S3 Select in Standard,,,,,,$0.0007 per GB - for bytes returned by S3 Select in Standard
us-east-1,"S3 Standard GET/SELECT and other requests US$/1,000",13,4.000E-7,Requests,0,Inf,DQ2KD3VK9RMS63JS,US East (N. Virginia),us-east-1,,,Tables-Requests-INT-Tier2,,S3-API-Tables-INT-Tier2,GET and all other requests to Tables INT,,,,,,"$0.0004 per 1,000 GET and All Other Requests to Tables INT"
us-east-1,"S3 Standard GET/SELECT and other requests US$/1,000",14,0.0007000000,GB,0,Inf,35JC78TFHSJVNG4C,US East (N. Virginia),us-east-1,,,Select-Returned-INT-Bytes,,S3-API-INT-Select-Returned,Data Returned by S3 Select in Intelligent-Tiering,,,,,,$0.0007 per GB - for bytes returned by S3 Select in Intelligent - Tiering
us-east-1,"S3 Standard GET/SELECT and other requests US$/1,000",15,0.0025000000,GB,0,Inf,37N7VG59W5VDWG9S,US East (N. Virginia),us-east-1,,,Bulk-Select-Returned-Bytes,,,,,,,,,$0.0025 per GB - Bulk Select Data Returned Bytes
us-east-1,"S3 Standard GET/SELECT and other requests US$/1,000",16,0.0020000000,GB,0,Inf,NEWK2RS9PZ6RTYY4,US East (N. Virginia),us-east-1,,,Select-Scanned-Bytes,,S3-API-Select-Scanned,Data Scanned by S3 Select in Standard,,,,,,$0.00200 per GB - for bytes scanned by S3 Select in Standard
us-east-1,"S3 Standard GET/SELECT and other requests US$/1,000",17,0.0020000000,GB,0,Inf,J9TQXCJDCSFMQEXU,US East (N. Virginia),us-east-1,,,Select-Scanned-INT-Bytes,,S3-API-INT-Select-Scanned,Data Scanned by S3 Select in Intelligent-Tiering,,,,,,$0.00200 per GB - for bytes scanned by S3 Select in Intelligent - Tiering
us-east-1,"S3 Standard GET/SELECT and other requests US$/1,000",18,4.000E-7,Requests,0,Inf,WDAC2WRXVNRSNQS6,US East (N. Virginia),us-east-1,,,Requests-GDA-Tier2,,S3-API-GDA-Tier2,GET and all other requests to GDA,,,,,,"$0.004 per 10,000 GET and all other requests from Glacier"
us-east-1,"S3 Standard GET/SELECT and other requests US$/1,000",19,0.0080000000,GB,0,Inf,JNBBU88VFAYBWV9K,US East (N. Virginia),us-east-1,,,Std-Select-Scanned-Bytes,,,,,,,,,$0.008 per GB - Standard Select Data Scanned Bytes
us-east-1,"S3 Standard GET/SELECT and other requests US$/1,000",20,0.0000300000,Requests,0,Inf,E7AHR7W5WGHMMN9V,US East (N. Virginia),us-east-1,,,Requests-Tier8,GetAGInstancePolicy,S3-API-Tier8,Access Grants Requests-GetAGInstancePolicy,,,,,,"$0.03 per 1,000 GetAGInstancePolicy requests for S3 Access Grants"
us-east-1,"S3 Standard GET/SELECT and other requests US$/1,000",21,0.0200000000,GB,0,Inf,H6P4YC4PH4F5XGAH,US East (N. Virginia),us-east-1,,,Exp-Select-Scanned-Bytes,,,,,,,,,$0.02 per GB - Expedited Select Data Scanned Bytes
us-east-1,"S3 Standard GET/SELECT and other requests US$/1,000",22,0.0100000000,GB,0,Inf,P5KY7JQH5TSKWVBX,US East (N. Virginia),us-east-1,,,Std-Select-Returned-Bytes,,,,,,,,,$0.01 per GB - Standard Select Data Returned Bytes
us-east-1,"S3 Standard GET/SELECT and other requests US$/1,000",23,3.00E-8,Requests,0,Inf,D5SYYQ4TFQGPJHGY,US East (N. Virginia),us-east-1,,,Requests-FSXOPENZFS-Tier2,,S3-API-FSXOPENZFS-Tier2,GET and all other requests to FSx for OpenZFS,,,,,,"$0.00003 per 1,000 GET and All Other Requests to FSx for OpenZFS"
us-east-1,"S3 Standard GET/SELECT and other requests US$/1,000",24,0.0020000000,GB,0,Inf,5MHFFTDKXCFS7X5S,US East (N. Virginia),us-east-1,,,Select-Scanned-SIA-Bytes,,S3-API-SIA-Select-Scanned,Data Scanned by S3 Select in Standard-Infrequent Access,,,,,,$0.00200 per GB - for bytes scanned by S3 Select in Standard-Infrequent Access
us-east-1,"S3 Standard GET/SELECT and other requests US$/1,000",25,0.0010000000,GB,0,Inf,VH4B46R3JZENFAHS,US East (N. Virginia),us-east-1,,,Bulk-Select-Scanned-Bytes,,,,,,,,,$0.001 per GB - Bulk Select Data Scanned Bytes
us-east-1,"S3 Standard GET/SELECT and other requests US$/1,000",26,0.0020000000,GB,0,Inf,6N4KQAG7UKQUMRC5,US East (N. Virginia),us-east-1,,,Select-Scanned-GIR-Bytes,,S3-API-GIR-Select-Scanned,Data Scanned by S3 Select in Glacier Instant Retrieval,,,,,,$0.002 per GB - for bytes scanned by S3 Select in Glacier Instant Retrieval
us-east-1,"S3 Standard GET/SELECT and other requests US$/1,000",27,0.0300000000,GB,0,Inf,QPTUUKWAEAGA3R27,US East (N. Virginia),us-east-1,,,Exp-Select-Returned-Bytes,,,,,,,,,$0.03 per GB - Expedited Select Data Returned Bytes
us-east-1,"S3 Standard GET/SELECT and other requests US$/1,000",28,0.0100000000,GB,0,Inf,GEDWBB87THAPZSPK,US East (N. Virginia),us-east-1,,,Select-Returned-ZIA-Bytes,,S3-API-ZIA-Select-Returned,Data Returned by S3 Select in One Zone-Infrequent Access,,,,,,$0.01 per GB - for bytes returned by S3 Select in One Zone-Infrequent Access
us-east-1,"S3 Standard GET/SELECT and other requests US$/1,000",29,0.0000300000,Requests,0,Inf,XJ55FGJ9YUVK2AV8,US East (N. Virginia),us-east-1,,,Requests-Tier8,GetAGInstanceForPrefix,S3-API-Tier8,Access Grants Requests-GetAGInstanceForPrefix,,,,,,"$0.03 per 1,000 GetAGInstanceForPrefix requests for S3 Access Grants"
us-east-1,"S3 Standard GET/SELECT and other requests US$/1,000",30,0.0000300000,Requests,0,Inf,FBQDMAD7ZKHGNGTP,US East (N. Virginia),us-east-1,,,Requests-Tier8,GetAG,S3-API-Tier8,Access Grants Requests-GetAG,,,,,,"$0.03 per 1,000 GetAG requests for S3 Access Grants"
us-east-1,"S3 Standard GET/SELECT and other requests US$/1,000",31,3.00E-8,Requests,0,Inf,ZUP2ZPGCB8T49Y4P,US East (N. Virginia),us-east-1,,,Requests-FSXONTAP-Tier2,,S3-API-FSXONTAP-Tier1,GET and all other requests to FSx for ONTAP,,,,,,"$0.00003 per 1,000 GET and All Other Requests to FSx for ONTAP"
us-east-1,"S3 Standard GET/SELECT and other requests US$/1,000",32,0.0000010000,Requests,0,Inf,Q8UHH97856JSTGFA,US East (N. Virginia),us-east-1,,,Requests-ZIA-Tier2,,S3-API-ZIA-Tier2,GET and all other requests to One Zone-Infrequent Access,,,,,,"$0.01 per 10,000 GET and all other requests  to One Zone-Infrequent Access"
us-east-1,"S3 Standard GET/SELECT and other requests US$/1,000",33,0.0000300000,Requests,0,Inf,TWDBT2FZCJUPCFSZ,US East (N. Virginia),us-east-1,,,Requests-Tier8,GetAGDataAccess,S3-API-Tier8,Access Grants Requests-GetAGDataAccess,,,,,,"$0.03 per 1,000 GetAGDataAccess requests for S3 Access Grants"
us-east-1,"S3 Standard GET/SELECT and other requests US$/1,000",34,4.000E-7,Requests,0,Inf,EG9A5TW6SQQHF48U,US East (N. Virginia),us-east-1,,,Tables-Requests-Tier2,,S3-API-Tables-Tier2,GET and all other requests to S3 Table Buckets,,,,,,"$0.0004 per 1,000 GET and All Other Requests to S3 Table Buckets in US East (N. Virginia)"
us-east-1,"S3 Standard GET/SELECT and other requests US$/1,000",35,0.0020000000,GB,0,Inf,TXNU6KVAHG6NXNRK,US East (N. Virginia),us-east-1,,,Select-Scanned-ZIA-Bytes,,S3-API-ZIA-Select-Scanned,Data Scanned by S3 Select in One Zone-Infrequent Access,,,,,,$0.00200 per GB - for bytes scanned by S3 Select in One Zone-Infrequent Access
us-east-1,S3 Glacier Deep Archive Bulk data retrieval US$/GB,1,0.0025000000,GB,0,Inf,QWQS66QW8DACXQD2,US East (N. Virginia),us-east-1,,,Bulk-Retrieval-Bytes,DeepArchiveRestoreObject,,,,,,,,$0.0025 per GB Bulk retrieval fee from Glacier Deep Archive in US East (N. Virginia)
us-east-1,S3 Glacier Deep Archive Standard data retrieval US$/GB,1,0.0200000000,GB,0,Inf,XEWBRUYWR8PSDPD3,US East (N. Virginia),us-east-1,,,Standard-Retrieval-Bytes,DeepArchiveRestoreObject,,,,,,,,$0.02 per GB Standard retrieval fee from Glacier Deep Archive in US East (N. Virginia)
us-east-1,"S3 Glacier Deep Archive Bulk restore requests US$/1,000",1,0.0025000000,GB,0,Inf,QWQS66QW8DACXQD2,US East (N. Virginia),us-east-1,,,Bulk-Retrieval-Bytes,DeepArchiveRestoreObject,,,,,,,,$0.0025 per GB Bulk retrieval fee from Glacier Deep Archive in US East (N. Virginia)
us-east-1,"S3 Glacier Deep Archive Standard restore requests US$/1,000",1,0.0200000000,GB,0,Inf,XEWBRUYWR8PSDPD3,US East (N. Virginia),us-east-1,,,Standard-Retrieval-Bytes,DeepArchiveRestoreObject,,,,,,,,$0.02 per GB Standard retrieval fee from Glacier Deep Archive in US East (N. Virginia)
us-east-1,Data Transfer OUT to Internet - first tier US$/GB,1,0E-10,GB,0,100,PB257JUQ8U6E6UPM,,,,,Global-DataTransfer-Out-Bytes,,,,Global,AWS Region,External,Other,AWS Outbound,"$0 for 100GB of data transfer out to the internet, aggregated globally, each month"
us-east-1,Data Transfer OUT to Internet - first tier US$/GB,2,0.0400000000,GB,0,Inf,GRMY773FUAW94HKK,,,,,DataTransfer-Out-ABytes-T2,,,,US East (N. Virginia),AWS Region,External,Other,"Accelerated AWS Outbound using edge locations outside US, Europe or Japan","$0.040 per GB - Amazon S3 accelerated data transfer out (to outside US, Europe or Japan)"
us-east-1,Data Transfer OUT to Internet - first tier US$/GB,3,0E-10,GB,0,Inf,9MG5B7V4UUU2WPAV,,,,,DataTransfer-In-Bytes,,,,External,Other,US East (N. Virginia),AWS Region,AWS Inbound,$0.000 per GB - data transfer in per month
us-east-1,Data Transfer OUT to Internet - first tier US$/GB,4,0.0400000000,GB,0,Inf,TF6DAZ96XWMY28HW,,,,,DataTransfer-In-ABytes-T1,,,,External,Other,US East (N. Virginia),AWS Region,"Accelerated AWS Inbound using edge locations within US, Europe or Japan","$0.040 per GB - Amazon S3 accelerated data transfer in (from within US, Europe or Japan)"
us-east-1,Data Transfer OUT to Internet - first tier US$/GB,5,0.0200000000,GB,0,Inf,B75HUAKSUPHX3NWU,,,,,USE1-AWS-Out-Bytes,,,,US East (N. Virginia),AWS Region,External,Other,Inter Region Peering Data Transfer Outbound,$0.020 per GB - Data transfer from US East (N. Virginia)
us-east-1,Data Transfer OUT to Internet - first tier US$/GB,6,0.0400000000,GB,0,Inf,SYWH8GEYJAX6NB9S,,,,,DataTransfer-Out-ABytes,,,,US East (N. Virginia),AWS Region,External,Other,Accelerated AWS Outbound from close by location,$0.040 per GB - Amazon S3 accelerated data transfer out
us-east-1,Data Transfer OUT to Internet - first tier US$/GB,7,0E-10,GB,0,Inf,6HES5Y2B4CFHV3EK,,,,,DataTransfer-In-ABytes,,,,External,Other,US East (N. Virginia),AWS Region,Accelerated AWS Inbound (free),$0.000 per GB - Amazon S3 accelerated data transfer in
us-east-1,Data Transfer OUT to Internet - first tier US$/GB,8,0.0900000000,GB,0,10240,HQEH3ZWJVT46JHRG,,,,,DataTransfer-Out-Bytes,,,,US East (N. Virginia),AWS Region,External,Other,AWS Outbound,$0.090 per GB - first 10 TB / month data transfer out beyond the global free tier
us-east-1,Data Transfer OUT to Internet - first tier US$/GB,9,0.0800000000,GB,0,Inf,J59S2HWGQTVHVA2E,,,,,DataTransfer-In-ABytes-T2,,,,External,Other,US East (N. Virginia),AWS Region,"Accelerated AWS Inbound using edge locations outside US, Europe or Japan","$0.080 per GB - Amazon S3 accelerated data transfer in (from outside US, Europe or Japan)"
us-east-1,Data Transfer OUT to Internet - first tier US$/GB,10,0.0400000000,GB,0,Inf,FFSGCWMNUVR5NSUX,,,,,DataTransfer-Out-ABytes-T1,,,,US East (N. Virginia),AWS Region,External,Other,"Accelerated AWS Outbound using edge locations within US, Europe or Japan","$0.040 per GB - Amazon S3 accelerated data transfer out (to within US, Europe or Japan)"
us-east-1,Data Transfer OUT to Internet - first tier US$/GB,11,0E-10,GB,0,Inf,46CVPCNHA6C2JG7K,,,,,USE1-AWS-In-Bytes,,,,External,AWS Region,US East (N. Virginia),AWS Region,Inter Region Peering Data Transfer Inbound,$0.00 per GB - Data transfer to US East (N. Virginia)
